{
    "__typename": "OrderResponse",
    "stagedOrderId": "a53f648b-ceaf-4490-9885-4665a20b9b1a",
    "order": {
        "cartId": null,
        "orderId": null,
        "paymentMethod": {
          "paymentType": "CREDIT_CARD"
        },
        "product": {
            "code": "000",
            "name": "MM",
            "type": "CREDIT_CARD",
            "routingCode": "62000000",
            "pricingContext": "/WWEB/WUCOM/CAN/MB/USA//000/62000000/CC//WWEBCC000L0/CN6CP6CN6W-USACCI0/34325/8.00/6.21/S/1.25540000/1.00000000/2.500/0.7766448//",
            "speedIndicator": "0",
            "deliverySpeed": "0",
            "exchangeRate": 75.7735,
            "fees": 508,
            "destinationFees": 508,
            "origination": {
                "countryIsoCode": "CA",
                "currencyIsoCode": "CAD",
                "principalAmount": 800
            },
            "destination": {
                "countryIsoCode": "IN",
                "currencyIsoCode": "INR",
                "actualPayoutAmount": 0,
                "expectedPayoutAmount": 621
            }
        }
    },
    "sender": {
        "id": null,
        "uid": null,
        "name": {
            "first": "GWENDOLYN",
            "middle": "ME",
            "last": "DOE"
        },
        "address": {
            "addressLine1": "185 berry street",
            "addressLine2": null,
            "city": "ONTARIO ",
            "stateCode": "MB",
            "countryCode": "CA",
            "postalCode": "A1A1A1"
        },
        "email": "kvs@wu.com",
        "accountNumber": 123456,
        "customerType": null,
        "termsConditions": false,
        "complianceData": {
          "complianceType": "compliance",
          "documents": [{
              "docType": "PASSPORT",
              "docNumber": "A123456",
              "docSubType": "sub",
              "primary": true             
          }]
        }
    },
    "receiver": {
        "id": "1",
        "uid": "17300562686761154",
        "name": {
            "first": "JOHN",
            "middle": null,
            "last": "SDAD"
        },
        "address": {
            "addressLine1": "1111",
            "addressLine2": null,
            "city": "Chennai",
            "stateCode": null,
            "countryCode": "IN",
            "postalCode": "603403"
        },
        "accountNumber": null,
        "customerType": null,
        "termsConditions": false
    }
  }
